id,first_name,last_name,email,ip_address,Gender
1,Daniel,Slarke,dslarke0@cyberchimps.com,42.196.236.62,Male
2,Abeu,Oland,aoland1@dedecms.com,101.85.198.70,Male
3,Susanna,Morling,smorling2@jalbum.net,61.177.4.195,Female
4,Jephthah,Gorry,jgorry3@clickbank.net,235.255.147.209,Male
5,Saunderson,Jurkiewicz,sjurkiewicz4@dmoz.org,102.25.99.132,Male
6,Isidoro,Montel,imontel5@cpanel.net,75.239.153.195,Male
7,Patsy,Conneely,pconneely6@ocn.ne.jp,235.66.71.55,Female
8,Meridith,Bonhome,mbonhome7@jugem.jp,129.104.245.34,Female
9,Emilee,Caw,ecaw8@purevolume.com,234.113.149.31,Female
10,Fred,Gregol,fgregol9@ihg.com,181.32.207.52,Male
11,Aluin,Petrushanko,apetrushankoa@wisc.edu,78.189.176.141,Male
12,Elisha,Kropach,ekropachb@ehow.com,249.223.248.185,Male
13,Terrel,Hardesty,thardestyc@nationalgeographic.com,143.219.102.45,Male
14,Nikolos,Wardington,nwardingtond@wordpress.com,242.111.44.112,Male
15,Tabb,Talloe,ttalloee@google.nl,209.135.170.66,Male
16,Carolus,Lishmund,clishmundf@ask.com,199.81.219.199,Male
17,Ermanno,Probbings,eprobbingsg@addthis.com,34.63.214.208,Male
18,Delmor,Olenin,doleninh@canalblog.com,65.184.78.245,Non-binary
19,Cornall,Elphinston,celphinstoni@creativecommons.org,13.127.115.98,Male
20,Jud,Berni,jbernij@seesaa.net,221.141.56.183,Male
21,Tad,Springall,tspringallk@free.fr,24.86.73.205,Male
22,Randene,Cruse,rcrusel@addthis.com,66.198.64.3,Female
23,Merv,Gorler,mgorlerm@soundcloud.com,68.15.233.175,Male
24,Wallie,Frogley,wfrogleyn@lycos.com,148.45.1.124,Female
25,Derby,Haug,dhaugo@timesonline.co.uk,159.103.14.148,Male
26,Sara,Duigenan,sduigenanp@xrea.com,72.210.39.197,Female
27,Ettie,Treharne,etreharneq@alexa.com,205.152.61.71,Female
28,Susanna,Blune,sbluner@cloudflare.com,166.101.122.20,Female
29,Inness,Lindenboim,ilindenboims@bizjournals.com,104.58.13.204,Male
30,Clement,Rudd,cruddt@51.la,155.190.94.139,Male
31,Ninnetta,Moyles,nmoylesu@blogs.com,209.197.27.93,Female
32,Selma,Barson,sbarsonv@utexas.edu,222.136.17.38,Bigender
33,Wyn,Shorland,wshorlandw@prnewswire.com,196.69.215.100,Male
34,Dru,Easom,deasomx@moonfruit.com,40.85.151.243,Female
35,Iago,Gabites,igabitesy@ucsd.edu,131.255.53.60,Male
36,Row,Liddle,rliddlez@nature.com,9.51.165.80,Female
37,Edy,David,edavid10@google.com.hk,237.34.3.47,Female
38,Dominique,Dell'Abbate,ddellabbate11@nba.com,52.124.144.251,Female
39,Gearard,Kornyakov,gkornyakov12@bravesites.com,27.133.61.247,Male
40,Raye,Knoles,rknoles13@friendfeed.com,221.101.125.60,Female
41,Kelsi,Depka,kdepka14@tripod.com,37.180.83.109,Agender
42,Anissa,Klebes,aklebes15@nymag.com,98.140.172.83,Female
43,Beth,Makinson,bmakinson16@studiopress.com,120.46.223.31,Female
44,Gareth,Macknish,gmacknish17@shinystat.com,173.19.132.149,Male
45,Toby,Benn,tbenn18@ning.com,242.195.3.176,Female
46,Ellynn,Wordsworth,ewordsworth19@cafepress.com,44.227.96.91,Female
47,Lora,Patis,lpatis1a@posterous.com,66.241.221.200,Female
48,Stoddard,Flaune,sflaune1b@domainmarket.com,221.50.52.128,Female
49,Rosamund,Twigger,rtwigger1c@arizona.edu,207.133.93.39,Female
50,Ellery,Lawson,elawson1d@skyrock.com,85.188.106.194,Polygender
51,Brandon,Potten,bpotten1e@quantcast.com,226.156.77.123,Male
52,Modestine,Kingsnod,mkingsnod1f@chron.com,5.188.198.126,Female
53,Karoly,Rowston,krowston1g@drupal.org,153.0.189.136,Female
54,Cassondra,Hanhart,chanhart1h@gravatar.com,160.47.202.253,Female
55,Benjie,Pughe,bpughe1i@livejournal.com,106.178.237.7,Male
56,Olivier,Narracott,onarracott1j@ezinearticles.com,130.45.60.145,Male
57,Fowler,Cuddehay,fcuddehay1k@businessinsider.com,128.240.226.140,Male
58,Fedora,Krzysztof,fkrzysztof1l@telegraph.co.uk,172.249.134.28,Female
59,Gunner,Blazewski,gblazewski1m@posterous.com,83.124.226.225,Male
60,Luciano,Zeal,lzeal1n@apple.com,240.91.44.143,Agender
61,Ric,Dripps,rdripps1o@posterous.com,234.121.183.143,Non-binary
62,Torr,Snedden,tsnedden1p@chicagotribune.com,117.162.143.120,Male
63,Elvis,Dorward,edorward1q@is.gd,15.45.203.44,Male
64,Bernhard,Hartigan,bhartigan1r@craigslist.org,213.121.51.0,Male
65,Ethyl,McCarthy,emccarthy1s@spiegel.de,34.92.144.2,Female
66,Giana,Oakshott,goakshott1t@tinypic.com,180.0.133.242,Female
67,Scarface,McLeary,smcleary1u@reverbnation.com,229.199.118.27,Male
68,Evita,Wearn,ewearn1v@printfriendly.com,121.127.84.111,Female
69,Sheffield,Labeuil,slabeuil1w@answers.com,211.157.81.249,Male
70,Hanan,Austen,hausten1x@economist.com,9.223.182.209,Male
71,Coletta,Willshaw,cwillshaw1y@miitbeian.gov.cn,194.52.248.141,Female
72,Etheline,Kleinhaus,ekleinhaus1z@comcast.net,80.17.185.227,Female
73,Jule,Pearne,jpearne20@bbc.co.uk,204.232.50.11,Genderfluid
74,Isidore,Abell,iabell21@yellowpages.com,231.91.232.12,Male
75,Maribelle,Rennard,mrennard22@samsung.com,96.41.102.222,Female
76,Phillida,Vasenin,pvasenin23@wordpress.com,150.106.155.162,Female
77,Ralph,Keele,rkeele24@blogs.com,15.126.166.63,Male
78,Minnaminnie,Champniss,mchampniss25@forbes.com,27.193.43.12,Female
79,Craggie,De Simone,cdesimone26@google.pl,250.159.28.133,Male
80,Hadley,Shambrook,hshambrook27@vk.com,56.176.230.24,Male
81,Man,Fenners,mfenners28@xinhuanet.com,167.140.147.40,Male
82,Ber,Borles,bborles29@boston.com,107.193.36.56,Male
83,Mortimer,McDavid,mmcdavid2a@bloglovin.com,87.18.67.203,Male
84,Tris,Viscovi,tviscovi2b@topsy.com,203.190.188.222,Male
85,Roman,Huckleby,rhuckleby2c@hc360.com,37.157.177.139,Male
86,Hildegaard,MacCallam,hmaccallam2d@independent.co.uk,23.114.62.180,Female
87,Maison,Lashmore,mlashmore2e@va.gov,124.114.148.54,Male
88,Tome,Stollsteiner,tstollsteiner2f@upenn.edu,39.52.20.148,Male
89,Liza,MacNally,lmacnally2g@ihg.com,19.5.209.165,Female
90,Derry,Klimentyev,dklimentyev2h@telegraph.co.uk,7.53.72.147,Male
91,Obadiah,Al Hirsi,oalhirsi2i@netscape.com,196.113.7.155,Male
92,Anton,Bengall,abengall2j@ebay.co.uk,129.36.86.182,Male
93,Harman,Oxherd,hoxherd2k@latimes.com,51.44.135.102,Male
94,Robert,Kocher,rkocher2l@sciencedaily.com,163.152.129.197,Male
95,Alyse,Westmancoat,awestmancoat2m@icq.com,117.49.26.68,Female
96,Gerard,Parren,gparren2n@java.com,167.61.142.133,Male
97,Bronson,Cronin,bcronin2o@cpanel.net,68.207.108.176,Male
98,Alleen,Ropert,aropert2p@newsvine.com,135.30.189.67,Female
99,Olivie,Gregoli,ogregoli2q@weibo.com,249.193.126.118,Female
100,Eada,Whimp,ewhimp2r@google.de,205.22.74.55,Female
101,Francklyn,Gavrielli,fgavrielli2s@wordpress.com,2.25.21.107,Male
102,Godfrey,Grainger,ggrainger2t@stumbleupon.com,16.80.227.11,Male
103,Odelinda,Garlee,ogarlee2u@pbs.org,193.193.233.199,Female
104,Jerrine,Accomb,jaccomb2v@webeden.co.uk,227.40.27.97,Female
105,Vernor,Carthew,vcarthew2w@delicious.com,255.32.107.57,Male
106,Aldwin,Roche,aroche2x@nytimes.com,33.117.83.35,Male
107,Wendall,Poschel,wposchel2y@ebay.com,82.166.110.164,Non-binary
108,Audre,Crolla,acrolla2z@exblog.jp,112.183.100.225,Female
109,Bendicty,Corinton,bcorinton30@nps.gov,142.29.15.110,Male
110,Averil,Beaton,abeaton31@blogs.com,22.59.137.196,Male
111,Leupold,Best,lbest32@unblog.fr,53.202.137.127,Male
112,Oralee,Wissby,owissby33@columbia.edu,43.197.133.154,Female
113,Lester,Ianno,lianno34@bbc.co.uk,8.221.156.127,Male
114,Shari,Greenham,sgreenham35@baidu.com,247.169.184.215,Agender
115,Nealy,Housen,nhousen36@goo.gl,77.126.251.178,Male
116,Benyamin,Mundy,bmundy37@samsung.com,59.155.136.92,Male
117,Sigfrid,Renard,srenard38@dailymotion.com,134.13.18.100,Male
118,Cort,Whiskerd,cwhiskerd39@livejournal.com,49.215.88.176,Genderqueer
119,Jeanette,Grain,jgrain3a@huffingtonpost.com,18.38.93.12,Female
120,Erhart,Gordge,egordge3b@shutterfly.com,186.210.250.137,Male
121,Erskine,Lofting,elofting3c@reverbnation.com,24.159.134.174,Male
122,Ermin,Brasher,ebrasher3d@abc.net.au,56.254.188.140,Male
123,Dare,Brumwell,dbrumwell3e@unblog.fr,159.148.5.149,Male
124,Marnia,Quinn,mquinn3f@businessinsider.com,6.78.20.85,Agender
125,Jean,Aronowicz,jaronowicz3g@bigcartel.com,33.3.131.147,Female
126,Gerek,MacGibbon,gmacgibbon3h@parallels.com,199.211.31.84,Bigender
127,Hank,Lamb,hlamb3i@usatoday.com,51.167.225.71,Male
128,Dotty,Bilovsky,dbilovsky3j@topsy.com,193.31.171.120,Female
129,Rossie,Cleynaert,rcleynaert3k@princeton.edu,163.54.197.7,Male
130,Rolf,Crosoer,rcrosoer3l@nytimes.com,18.222.124.101,Male
131,Marilin,Lezemore,mlezemore3m@dot.gov,4.63.110.216,Female
132,Leigh,McGillicuddy,lmcgillicuddy3n@ehow.com,139.23.131.73,Female
133,Leeann,Hendren,lhendren3o@smh.com.au,75.224.44.134,Female
134,Mariellen,Atlay,matlay3p@jigsy.com,240.172.66.121,Female
135,Ulrich,Daniely,udaniely3q@bluehost.com,48.103.195.41,Male
136,Giavani,Finney,gfinney3r@engadget.com,101.151.193.11,Agender
137,Pedro,Cluff,pcluff3s@odnoklassniki.ru,44.183.12.57,Male
138,Dannel,Milnthorpe,dmilnthorpe3t@prweb.com,199.80.177.138,Male
139,Hunt,Blaker,hblaker3u@chron.com,41.37.101.157,Male
140,Gregor,Sheer,gsheer3v@topsy.com,208.235.105.4,Male
141,Agathe,Fawks,afawks3w@theatlantic.com,110.206.129.117,Female
142,Hi,McNally,hmcnally3x@squidoo.com,124.149.173.189,Male
143,Perry,Simms,psimms3y@livejournal.com,217.61.21.63,Female
144,Robers,Pantecost,rpantecost3z@mlb.com,85.97.243.193,Male
145,Gael,Figurski,gfigurski40@com.com,250.186.185.223,Male
146,Zacharia,Urlich,zurlich41@ed.gov,205.125.85.18,Male
147,Tristan,Beltzner,tbeltzner42@google.fr,80.209.93.112,Male
148,Darwin,Crighten,dcrighten43@usgs.gov,12.239.22.175,Male
149,Royce,Plevin,rplevin44@friendfeed.com,5.106.39.129,Male
150,Xerxes,Andreoletti,xandreoletti45@elegantthemes.com,29.223.43.27,Male
151,Dido,Dybell,ddybell46@ask.com,207.32.28.231,Female
152,Ibbie,Wallbridge,iwallbridge47@cnn.com,6.76.40.43,Female
153,Lockwood,Fetherston,lfetherston48@sciencedirect.com,179.48.249.109,Male
154,Gun,Ivanovic,givanovic49@live.com,213.65.174.17,Male
155,Will,Fetherstan,wfetherstan4a@state.tx.us,214.63.205.251,Male
156,Annelise,Innott,ainnott4b@wikispaces.com,91.146.227.161,Female
157,Lorenzo,Treace,ltreace4c@economist.com,129.148.141.188,Male
158,Stephan,Trobe,strobe4d@cornell.edu,37.229.168.160,Male
159,Retha,Leverentz,rleverentz4e@163.com,126.15.62.222,Female
160,Fons,Cowton,fcowton4f@auda.org.au,139.168.42.166,Male
161,Wain,Toffler,wtoffler4g@baidu.com,126.90.14.233,Male
162,Aurie,Brunini,abrunini4h@whitehouse.gov,216.217.87.71,Female
163,Julius,Kirkpatrick,jkirkpatrick4i@sciencedirect.com,254.122.171.19,Male
164,Nikolaos,Trenbey,ntrenbey4j@examiner.com,1.7.233.245,Male
165,Samson,Karys,skarys4k@mashable.com,148.128.86.138,Male
166,Darelle,Janiszewski,djaniszewski4l@dailymotion.com,84.58.238.184,Female
167,Axe,Lydiate,alydiate4m@symantec.com,72.151.148.14,Male
168,Murielle,Frearson,mfrearson4n@ebay.co.uk,254.241.74.47,Female
169,Ida,Horrod,ihorrod4o@delicious.com,255.213.228.152,Female
170,Aloin,Ovendon,aovendon4p@themeforest.net,167.153.149.183,Male
171,Joelle,McGiffie,jmcgiffie4q@networkadvertising.org,107.58.248.149,Female
172,Othilie,Branno,obranno4r@tripadvisor.com,70.64.32.157,Female
173,Piggy,Barbery,pbarbery4s@slashdot.org,38.97.1.70,Male
174,Lilyan,Wines,lwines4t@google.cn,167.95.21.100,Genderfluid
175,Franklyn,Trevett,ftrevett4u@github.com,250.94.199.207,Genderqueer
176,Tamiko,Gartell,tgartell4v@cyberchimps.com,178.179.66.53,Genderfluid
177,Alysia,Farrant,afarrant4w@hostgator.com,117.147.58.80,Female
178,Fraze,Messier,fmessier4x@google.com.au,253.85.255.88,Polygender
179,Leigh,Haycock,lhaycock4y@theatlantic.com,234.94.129.196,Male
180,Sanford,Crawforth,scrawforth4z@smugmug.com,40.232.129.255,Male
181,Stafani,Hemphall,shemphall50@ihg.com,64.25.121.242,Female
182,Rafa,Fawloe,rfawloe51@usda.gov,160.25.18.80,Polygender
183,Bernardo,McCambrois,bmccambrois52@uol.com.br,9.144.96.213,Male
184,Aldous,Roll,aroll53@hibu.com,249.76.64.235,Male
185,Emalia,Paynes,epaynes54@google.de,49.181.27.99,Female
186,Shari,Scurrey,sscurrey55@ftc.gov,188.245.98.57,Female
187,Odelle,Feltoe,ofeltoe56@mozilla.com,161.51.165.221,Female
188,Almeria,Kynvin,akynvin57@nature.com,183.131.198.145,Female
189,Kerry,Flear,kflear58@ifeng.com,158.119.187.27,Female
190,Brannon,Glenny,bglenny59@nydailynews.com,175.164.239.76,Male
191,Finn,Duesbury,fduesbury5a@elpais.com,189.194.255.23,Male
192,Toinette,Del Monte,tdelmonte5b@ehow.com,202.160.220.223,Female
193,Henrietta,Goady,hgoady5c@aboutads.info,4.199.203.154,Female
194,Sabine,Tew,stew5d@reverbnation.com,3.0.244.34,Female
195,Catherina,Parrin,cparrin5e@examiner.com,97.68.241.178,Female
196,Renell,Edmundson,redmundson5f@wordpress.org,246.63.174.74,Female
197,Carmina,Alphonso,calphonso5g@booking.com,128.117.186.52,Female
198,Rob,Braunfeld,rbraunfeld5h@aol.com,101.206.23.125,Male
199,Philomena,Campanelle,pcampanelle5i@ft.com,149.34.227.251,Genderfluid
200,Philis,Bullion,pbullion5j@earthlink.net,99.154.141.223,Female
201,Ingaberg,Pennicard,ipennicard5k@1688.com,113.27.130.120,Female
202,Burch,Huskinson,bhuskinson5l@sourceforge.net,89.228.163.230,Male
203,Sterling,Boulde,sboulde5m@freewebs.com,110.254.144.196,Male
204,Cathyleen,Kelby,ckelby5n@cpanel.net,170.180.140.125,Female
205,Calvin,Kubecka,ckubecka5o@go.com,168.203.32.140,Genderfluid
206,Nanni,Escolme,nescolme5p@dedecms.com,222.202.189.214,Female
207,Sidney,Mazzeo,smazzeo5q@xing.com,37.17.33.53,Male
208,Chris,Chorlton,cchorlton5r@ox.ac.uk,200.184.96.254,Female
209,Rubin,Golsworthy,rgolsworthy5s@dailymotion.com,121.155.164.15,Male
210,Karoline,Duignan,kduignan5t@china.com.cn,161.37.204.32,Female
211,Andreas,Baurerich,abaurerich5u@i2i.jp,226.164.240.64,Genderqueer
212,Kendre,Rubbert,krubbert5v@imgur.com,174.194.131.127,Female
213,Beitris,Ruggieri,bruggieri5w@patch.com,139.86.255.129,Female
214,Garvey,Metherell,gmetherell5x@odnoklassniki.ru,55.39.209.40,Male
215,Wayne,Schindler,wschindler5y@cocolog-nifty.com,242.134.160.53,Male
216,Novelia,Edmonds,nedmonds5z@naver.com,190.207.98.21,Female
217,Giles,Guidetti,gguidetti60@aol.com,75.54.155.74,Male
218,Fayre,Anthona,fanthona61@technorati.com,56.239.192.38,Female
219,Bayard,Rowston,browston62@indiegogo.com,72.8.233.155,Male
220,Ame,Tadman,atadman63@tumblr.com,233.204.77.115,Female
221,Allistir,Gurg,agurg64@shutterfly.com,175.180.139.44,Male
222,Iseabal,Looks,ilooks65@netlog.com,0.29.161.112,Female
223,Elias,Backwell,ebackwell66@yahoo.com,102.77.166.105,Male
224,Darnall,Commuzzo,dcommuzzo67@tripod.com,187.42.147.146,Male
225,Tucker,Troke,ttroke68@princeton.edu,92.60.121.71,Male
226,Gussie,Hames,ghames69@dion.ne.jp,67.173.250.191,Female
227,Morley,Spellsworth,mspellsworth6a@dedecms.com,200.178.98.199,Male
228,Antons,Sarre,asarre6b@redcross.org,111.223.29.162,Male
229,Ara,Vasyukhin,avasyukhin6c@canalblog.com,58.188.42.167,Female
230,Holt,Trafford,htrafford6d@tinyurl.com,135.35.152.201,Male
231,Adiana,Ainsley,aainsley6e@cam.ac.uk,73.215.171.129,Genderfluid
232,Stevana,Youde,syoude6f@ocn.ne.jp,185.168.223.9,Female
233,Phylis,Brisset,pbrisset6g@reverbnation.com,50.170.218.252,Female
234,Silvio,Padkin,spadkin6h@boston.com,21.239.152.209,Male
235,Irita,Springett,ispringett6i@amazonaws.com,141.221.30.227,Female
236,Meridith,Hugin,mhugin6j@twitter.com,24.12.156.62,Female
237,Prent,Blamey,pblamey6k@exblog.jp,139.115.77.82,Male
238,Ulrike,Belmont,ubelmont6l@si.edu,53.59.61.135,Female
239,Mendie,Merkel,mmerkel6m@wikipedia.org,214.97.15.63,Male
240,Carolynn,Celle,ccelle6n@booking.com,215.178.234.100,Female
241,Jerry,Vockings,jvockings6o@flavors.me,252.101.221.163,Male
242,Fremont,Keates,fkeates6p@omniture.com,13.181.98.37,Male
243,Coop,Briatt,cbriatt6q@arizona.edu,37.121.178.240,Male
244,Alidia,Calderonello,acalderonello6r@dailymotion.com,17.73.6.112,Female
245,Hersh,Guyan,hguyan6s@scientificamerican.com,118.97.90.21,Male
246,Catina,Diprose,cdiprose6t@goo.ne.jp,237.108.150.19,Female
247,Perry,Defraine,pdefraine6u@shinystat.com,57.80.96.197,Female
248,Diane,Mayger,dmayger6v@behance.net,29.96.68.238,Female
249,Zsa zsa,Berthot,zberthot6w@soup.io,84.243.253.67,Female
250,Barry,Isacq,bisacq6x@hao123.com,252.44.161.209,Male
251,Coraline,McTurlough,cmcturlough6y@cafepress.com,74.86.172.93,Female
252,Courtenay,Meineck,cmeineck6z@over-blog.com,213.11.158.5,Female
253,Melosa,Stocker,mstocker70@smugmug.com,177.3.192.126,Female
254,Louis,Waggett,lwaggett71@themeforest.net,228.131.123.30,Male
255,Junette,Wakley,jwakley72@t-online.de,253.227.99.230,Female
256,Lorenzo,Mangham,lmangham73@ft.com,63.181.59.80,Male
257,Kelley,Sagrott,ksagrott74@twitpic.com,157.210.40.197,Male
258,Horatio,Jaskiewicz,hjaskiewicz75@geocities.jp,66.203.78.245,Genderfluid
259,Damita,Povah,dpovah76@marriott.com,15.252.115.90,Female
260,Edgardo,Seiler,eseiler77@discuz.net,57.46.83.100,Male
261,Henderson,Race,hrace78@plala.or.jp,247.111.127.66,Male
262,Frederick,Willavoys,fwillavoys79@multiply.com,81.93.82.41,Male
263,Bea,Maddigan,bmaddigan7a@hatena.ne.jp,53.63.127.6,Female
264,Webb,Mation,wmation7b@macromedia.com,24.206.30.234,Male
265,Micaela,Cockson,mcockson7c@ameblo.jp,1.222.229.244,Female
266,Camala,McPeeters,cmcpeeters7d@dagondesign.com,12.165.41.88,Female
267,Zuzana,Hallagan,zhallagan7e@sbwire.com,18.212.22.255,Female
268,Desi,Tapin,dtapin7f@cnn.com,85.180.219.176,Male
269,Dore,Forryan,dforryan7g@japanpost.jp,125.150.193.37,Female
270,Ekaterina,Wilkes,ewilkes7h@icio.us,213.208.184.8,Female
271,Jedd,Noah,jnoah7i@dagondesign.com,63.2.9.128,Male
272,Francesca,Overbury,foverbury7j@ifeng.com,4.170.92.115,Female
273,Yovonnda,Jurries,yjurries7k@mapquest.com,68.69.210.199,Female
274,Zeb,Rimbault,zrimbault7l@umn.edu,45.215.110.177,Male
275,Skippie,Fullard,sfullard7m@usda.gov,205.66.223.251,Male
276,Paxton,Marsham,pmarsham7n@harvard.edu,11.120.246.5,Male
277,Spike,Cashley,scashley7o@google.ca,218.50.254.120,Male
278,Tawnya,Lassey,tlassey7p@sourceforge.net,41.228.155.34,Female
279,Meridel,Garrould,mgarrould7q@multiply.com,148.214.65.240,Female
280,Analiese,Florence,aflorence7r@google.it,249.252.216.233,Female
281,Anna,Ogg,aogg7s@lulu.com,26.130.212.176,Female
282,Letti,Stare,lstare7t@nationalgeographic.com,164.63.194.149,Female
283,Osborne,Ofer,oofer7u@ehow.com,28.109.27.202,Male
284,Glynn,Giovanitti,ggiovanitti7v@blogtalkradio.com,183.85.136.28,Male
285,Leora,Lydall,llydall7w@addthis.com,4.54.68.138,Bigender
286,Yank,Peidro,ypeidro7x@arstechnica.com,167.233.149.198,Male
287,Dom,Kuhnwald,dkuhnwald7y@reddit.com,187.126.65.110,Polygender
288,Fletch,Duce,fduce7z@naver.com,31.9.110.55,Male
289,Liva,Itzkovitch,litzkovitch80@ed.gov,238.154.44.19,Female
290,Patrizius,Extill,pextill81@naver.com,122.180.144.219,Bigender
291,Pete,Balme,pbalme82@toplist.cz,92.222.164.150,Male
292,Janaye,Pateman,jpateman83@gizmodo.com,99.134.243.192,Female
293,Yvonne,Sandbrook,ysandbrook84@yandex.ru,33.168.248.174,Female
294,Rogerio,Collcott,rcollcott85@stumbleupon.com,240.98.20.158,Male
295,Doyle,MacComiskey,dmaccomiskey86@guardian.co.uk,20.225.22.90,Male
296,Ruthie,Figures,rfigures87@google.ru,40.197.250.145,Female
297,Althea,Pallasch,apallasch88@joomla.org,66.25.220.84,Genderfluid
298,Cherie,Coppeard,ccoppeard89@nsw.gov.au,25.210.52.29,Female
299,Federica,Tregea,ftregea8a@npr.org,52.7.38.129,Female
300,Esmaria,Mepham,emepham8b@cisco.com,139.91.188.124,Female
301,Emmalynn,Robjohns,erobjohns8c@rambler.ru,235.173.53.181,Genderfluid
302,Fanya,Rolfs,frolfs8d@ning.com,181.73.161.2,Female
303,Evita,Gonzalez,egonzalez8e@360.cn,56.17.184.217,Female
304,Jannel,Capes,jcapes8f@intel.com,230.22.1.44,Female
305,Joeann,Thunder,jthunder8g@umn.edu,89.53.216.62,Female
306,Rollins,Stubbe,rstubbe8h@prnewswire.com,253.23.247.4,Male
307,Barthel,Garret,bgarret8i@chron.com,69.58.43.65,Male
308,Edmon,Bracknell,ebracknell8j@bbc.co.uk,48.0.229.105,Male
309,Sabrina,Whittleton,swhittleton8k@unesco.org,233.25.14.225,Polygender
310,Averil,Wooles,awooles8l@nature.com,46.87.186.226,Genderqueer
311,Emlen,Spier,espier8m@geocities.jp,124.123.75.182,Male
312,Howard,Ossipenko,hossipenko8n@yale.edu,234.161.25.107,Male
313,Nyssa,Spradbrow,nspradbrow8o@fotki.com,72.89.164.197,Female
314,Beilul,Coombe,bcoombe8p@nsw.gov.au,147.99.139.120,Female
315,Giulio,Coggon,gcoggon8q@virginia.edu,151.14.217.155,Male
316,Haskel,Selbach,hselbach8r@whitehouse.gov,64.73.88.118,Male
317,Chere,Rossetti,crossetti8s@about.me,36.174.57.202,Female
318,Starr,Rankcom,srankcom8t@nytimes.com,129.127.170.179,Female
319,Jefferson,Alston,jalston8u@myspace.com,49.141.236.183,Male
320,Amalia,Hickford,ahickford8v@xrea.com,232.60.148.10,Female
321,Rose,Madner,rmadner8w@smugmug.com,25.140.29.181,Female
322,Cesya,Newlin,cnewlin8x@pbs.org,128.80.181.169,Genderfluid
323,Matthiew,Connachan,mconnachan8y@prlog.org,221.69.117.207,Genderqueer
324,Betteann,Bickerton,bbickerton8z@elegantthemes.com,32.43.252.154,Female
325,Quincy,Fayre,qfayre90@craigslist.org,46.17.107.237,Male
326,Raeann,Sarton,rsarton91@independent.co.uk,182.219.14.63,Female
327,Tatiana,Mawford,tmawford92@dropbox.com,79.6.230.103,Female
328,Frederico,Wasbey,fwasbey93@earthlink.net,186.191.230.164,Genderqueer
329,Mortie,Flieger,mflieger94@china.com.cn,180.218.39.50,Male
330,Maura,Crowe,mcrowe95@angelfire.com,103.184.60.250,Female
331,Petronilla,Balfe,pbalfe96@about.com,141.88.151.4,Female
332,Sutherlan,Hartill,shartill97@skyrock.com,68.111.181.238,Male
333,Ania,Duesbury,aduesbury98@toplist.cz,249.126.161.249,Female
334,Colline,Durnall,cdurnall99@independent.co.uk,92.3.136.224,Female
335,Maegan,Brabant,mbrabant9a@twitpic.com,187.7.189.241,Female
336,Silas,De Carteret,sdecarteret9b@vkontakte.ru,144.79.23.153,Male
337,Floyd,Matthews,fmatthews9c@apache.org,204.101.52.244,Male
338,Augusta,MacArthur,amacarthur9d@sciencedaily.com,56.56.11.153,Female
339,Aymer,Yegorchenkov,ayegorchenkov9e@hc360.com,80.135.63.212,Male
340,Cully,Dislee,cdislee9f@yellowbook.com,207.178.173.94,Male
341,Mitzi,Kennagh,mkennagh9g@diigo.com,161.45.14.161,Female
342,Annalise,Chmarny,achmarny9h@posterous.com,11.73.16.166,Female
343,Joye,Claiden,jclaiden9i@surveymonkey.com,216.207.161.81,Female
344,Thorin,Jacomb,tjacomb9j@w3.org,203.178.155.135,Non-binary
345,Bernie,Scolli,bscolli9k@biblegateway.com,91.12.82.195,Female
346,Ailyn,Pren,apren9l@uiuc.edu,250.139.215.74,Female
347,Dolf,Leggis,dleggis9m@istockphoto.com,252.137.131.24,Male
348,Lilyan,Pyrke,lpyrke9n@time.com,168.46.167.39,Female
349,Deborah,Simmens,dsimmens9o@msn.com,66.125.135.68,Female
350,Romain,Tuffs,rtuffs9p@adobe.com,128.41.165.43,Male
351,Branden,McCathy,bmccathy9q@google.com,81.87.186.51,Male
352,Magda,Eliyahu,meliyahu9r@vkontakte.ru,55.62.51.147,Female
353,Linda,Keen,lkeen9s@google.ca,68.170.184.97,Polygender
354,Bernadette,Aubury,baubury9t@t.co,72.2.105.168,Female
355,Mallorie,Craggs,mcraggs9u@omniture.com,62.112.127.142,Female
356,Jason,Hischke,jhischke9v@smh.com.au,225.164.185.10,Male
357,Kelbee,Papes,kpapes9w@bbc.co.uk,145.170.203.50,Male
358,Marwin,Maguire,mmaguire9x@ning.com,220.126.44.98,Male
359,Piotr,Clabburn,pclabburn9y@reverbnation.com,159.241.112.42,Male
360,Shauna,Pickerin,spickerin9z@time.com,157.132.103.157,Female
361,Mart,Swaddle,mswaddlea0@t.co,19.42.191.76,Male
362,Audry,Delacour,adelacoura1@cyberchimps.com,12.240.135.195,Female
363,Hedda,Aldridge,haldridgea2@umich.edu,18.17.19.158,Female
364,Shell,Bourdis,sbourdisa3@adobe.com,255.186.98.168,Female
365,Bengt,Kuhlen,bkuhlena4@twitter.com,1.77.35.136,Male
366,Naomi,Cail,ncaila5@jalbum.net,88.241.240.121,Female
367,Juliet,Calliss,jcallissa6@mozilla.com,58.33.133.142,Female
368,Camille,Bockin,cbockina7@vinaora.com,230.77.64.208,Female
369,Abby,Repp,areppa8@sohu.com,182.167.61.52,Male
370,Jules,Tassell,jtassella9@t-online.de,234.209.27.246,Male
371,Janel,Collopy,jcollopyaa@symantec.com,142.249.241.45,Female
372,Susette,Witcherley,switcherleyab@miibeian.gov.cn,120.37.152.137,Female
373,Sarena,Skypp,sskyppac@wired.com,187.17.77.249,Female
374,Chrisse,Melloi,cmelloiad@yolasite.com,60.86.243.124,Male
375,Burke,Yvens,byvensae@goodreads.com,103.39.155.51,Male
376,Dyann,Weinmann,dweinmannaf@trellian.com,49.222.5.21,Female
377,Jarid,Lygoe,jlygoeag@php.net,83.17.192.217,Male
378,Izaak,Dowsett,idowsettah@nymag.com,134.202.248.36,Male
379,Oralia,Durden,odurdenai@irs.gov,38.18.180.191,Female
380,Everard,Hastler,ehastleraj@arstechnica.com,223.98.147.240,Male
381,Babbie,Gatlin,bgatlinak@biblegateway.com,24.215.242.170,Female
382,Malachi,Grimmett,mgrimmettal@indiegogo.com,231.64.10.174,Male
383,Enrique,Oxlade,eoxladeam@amazon.co.jp,182.16.177.213,Male
384,Rodrigo,Belliss,rbellissan@skype.com,201.101.106.150,Male
385,Stephanie,Stedall,sstedallao@foxnews.com,243.141.187.138,Female
386,Ellene,Cundey,ecundeyap@dailymotion.com,157.212.19.38,Non-binary
387,Danya,Bertomeu,dbertomeuaq@a8.net,171.111.110.235,Genderfluid
388,Cary,Manderson,cmandersonar@nationalgeographic.com,146.113.90.187,Male
389,Deena,Feldhuhn,dfeldhuhnas@netvibes.com,200.78.221.59,Female
390,Marmaduke,Cansdall,mcansdallat@creativecommons.org,75.65.240.129,Male
391,Ikey,Martinello,imartinelloau@mayoclinic.com,120.108.43.135,Male
392,Cassandra,Ridgley,cridgleyav@nyu.edu,206.212.193.243,Female
393,Roby,Palfreeman,rpalfreemanaw@china.com.cn,157.225.237.132,Female
394,Missy,Darrell,mdarrellax@google.com.br,219.129.14.7,Female
395,Lin,Kasperski,lkasperskiay@utexas.edu,25.99.192.173,Female
396,Geordie,Wordsworth,gwordsworthaz@csmonitor.com,160.149.123.90,Male
397,Claudius,Laste,clasteb0@slate.com,28.21.203.51,Male
398,Francoise,Geratt,fgerattb1@army.mil,67.114.205.221,Agender
399,Hillard,Carstairs,hcarstairsb2@jugem.jp,172.105.153.255,Male
400,Elise,Wallice,ewalliceb3@techcrunch.com,146.79.9.188,Female
401,Dagny,Roels,droelsb4@hubpages.com,214.45.234.94,Bigender
402,Annabelle,MacAscaidh,amacascaidhb5@mysql.com,122.227.1.39,Female
403,Charlton,Castell,ccastellb6@nsw.gov.au,253.209.174.24,Male
404,Alvis,Biggar,abiggarb7@nymag.com,14.38.36.204,Male
405,Mike,Slimming,mslimmingb8@pinterest.com,206.73.108.198,Male
406,Cosette,Finlator,cfinlatorb9@aol.com,172.60.21.243,Female
407,Allistir,Fermer,afermerba@mysql.com,117.59.62.28,Male
408,Jerome,Thrower,jthrowerbb@blinklist.com,179.240.80.198,Male
409,Cherye,Arnhold,carnholdbc@biblegateway.com,163.8.254.240,Female
410,Rem,Westpfel,rwestpfelbd@dot.gov,149.208.39.23,Male
411,Bryanty,Cottesford,bcottesfordbe@amazon.co.jp,59.90.165.28,Male
412,Neda,Braiden,nbraidenbf@w3.org,141.188.150.238,Female
413,Lorie,Augar,laugarbg@clickbank.net,233.11.212.193,Female
414,Parry,Kayser,pkayserbh@nifty.com,253.134.45.1,Male
415,Price,Emlen,pemlenbi@theglobeandmail.com,88.47.70.252,Agender
416,Clerc,Heymann,cheymannbj@reuters.com,187.176.10.25,Male
417,Celle,Crickmoor,ccrickmoorbk@taobao.com,24.9.147.215,Female
418,Torey,Bracher,tbracherbl@tripod.com,223.62.184.227,Female
419,Nicol,Ingarfill,ningarfillbm@cnet.com,22.181.74.211,Female
420,Glynn,Trusse,gtrussebn@msn.com,128.205.217.113,Male
421,Anthony,Spirit,aspiritbo@dell.com,132.186.249.137,Male
422,Maxie,Beagin,mbeaginbp@wp.com,165.207.130.141,Bigender
423,Fabien,Mattson,fmattsonbq@answers.com,210.82.131.143,Non-binary
424,Karim,Tree,ktreebr@google.fr,169.57.63.219,Male
425,Aldridge,Falks,afalksbs@abc.net.au,155.223.6.249,Male
426,Roseann,Vela,rvelabt@ning.com,232.237.193.128,Female
427,Kippie,Strute,kstrutebu@amazon.co.uk,118.67.80.78,Male
428,Den,Gummary,dgummarybv@indiatimes.com,99.87.193.121,Male
429,Karol,Keyser,kkeyserbw@bbc.co.uk,209.108.53.1,Genderfluid
430,Harley,Maxweell,hmaxweellbx@xinhuanet.com,179.115.244.81,Female
431,Leigha,Bettles,lbettlesby@ftc.gov,29.246.110.162,Genderfluid
432,Kristina,O'Looney,kolooneybz@blog.com,82.110.73.181,Female
433,Ermengarde,Grishmanov,egrishmanovc0@wp.com,191.56.102.193,Female
434,Karalynn,Hebden,khebdenc1@arstechnica.com,124.71.165.228,Female
435,Rees,Wain,rwainc2@wunderground.com,91.172.246.230,Male
436,Crichton,Francke,cfranckec3@fastcompany.com,60.65.53.76,Male
437,Hulda,Bachura,hbachurac4@51.la,117.199.146.100,Female
438,Alexis,Aubrun,aaubrunc5@spiegel.de,39.67.195.135,Female
439,Inglebert,Stanger,istangerc6@bluehost.com,214.137.30.193,Male
440,Leta,Seilmann,lseilmannc7@naver.com,241.124.196.239,Female
441,Mano,Strotone,mstrotonec8@drupal.org,172.100.141.202,Male
442,Windy,Benardette,wbenardettec9@ycombinator.com,77.90.180.166,Female
443,Devora,Sodory,dsodoryca@businessweek.com,50.113.81.68,Female
444,Troy,Wogdon,twogdoncb@odnoklassniki.ru,86.246.253.133,Bigender
445,Jeromy,Aggas,jaggascc@ovh.net,48.115.141.31,Male
446,Mark,Bosenworth,mbosenworthcd@cbc.ca,4.22.251.229,Male
447,Christiane,Spender,cspenderce@squidoo.com,246.48.64.183,Female
448,Bendite,Hurkett,bhurkettcf@latimes.com,29.165.216.28,Female
449,Jedidiah,Levine,jlevinecg@samsung.com,79.30.159.237,Male
450,Wenona,Mitrovic,wmitrovicch@devhub.com,225.97.70.127,Non-binary
451,Trula,Erswell,terswellci@tamu.edu,119.140.189.235,Female
452,Arturo,Goggen,agoggencj@flavors.me,99.116.97.21,Male
453,Lawry,Terbrugge,lterbruggeck@illinois.edu,111.123.134.154,Male
454,Feodor,Thal,fthalcl@cbsnews.com,254.223.116.103,Male
455,Daron,Cowdery,dcowderycm@guardian.co.uk,38.242.252.178,Female
456,Jone,Frill,jfrillcn@google.fr,239.118.205.246,Male
457,Vlad,Marcroft,vmarcroftco@earthlink.net,192.10.41.180,Male
458,Sari,Millott,smillottcp@examiner.com,108.150.42.58,Female
459,Edwin,McKyrrelly,emckyrrellycq@buzzfeed.com,102.181.182.139,Male
460,Maxi,Toffetto,mtoffettocr@paginegialle.it,115.210.245.210,Female
461,Jacob,Davidsson,jdavidssoncs@oaic.gov.au,179.125.139.59,Male
462,Mandy,Parlour,mparlourct@printfriendly.com,41.252.171.99,Female
463,Donall,Belchamp,dbelchampcu@ask.com,216.143.80.238,Male
464,Lexie,Eldridge,leldridgecv@noaa.gov,166.52.195.117,Female
465,Jacki,Koppens,jkoppenscw@nih.gov,202.88.121.255,Female
466,Glyn,Barrie,gbarriecx@redcross.org,72.152.231.162,Male
467,Bordy,Crothers,bcrotherscy@cargocollective.com,252.212.228.133,Male
468,Rudolf,Doumer,rdoumercz@topsy.com,19.173.160.172,Male
469,Bryn,Nazer,bnazerd0@xing.com,40.25.179.10,Female
470,Emelda,Riste,eristed1@instagram.com,145.137.36.61,Genderfluid
471,Coop,Turley,cturleyd2@slate.com,152.160.191.188,Male
472,Allie,Williams,awilliamsd3@nymag.com,184.99.244.145,Female
473,Pat,Finicj,pfinicjd4@ycombinator.com,231.235.205.207,Female
474,Egan,Wagge,ewagged5@bing.com,102.211.248.165,Male
475,Tracee,Birckmann,tbirckmannd6@hud.gov,130.43.106.34,Female
476,Heinrik,Stirland,hstirlandd7@flavors.me,32.40.53.50,Male
477,Hughie,Streader,hstreaderd8@youtu.be,14.205.159.131,Male
478,Taite,Coldbreath,tcoldbreathd9@diigo.com,6.171.100.118,Male
479,Maurie,Andren,mandrenda@pbs.org,42.145.29.20,Male
480,Curr,Rayer,crayerdb@goo.ne.jp,139.66.81.209,Male
481,Lanette,Sime,lsimedc@google.nl,137.229.221.218,Female
482,Paten,Vasler,pvaslerdd@who.int,132.140.246.147,Male
483,Alfonse,Stevens,astevensde@xing.com,4.81.57.51,Male
484,Irene,Somersett,isomersettdf@bing.com,16.230.82.147,Female
485,Wayland,Dyka,wdykadg@tripod.com,30.193.250.225,Male
486,Esmaria,Guiraud,eguirauddh@vimeo.com,217.24.8.133,Female
487,Goldarina,Howle,ghowledi@oakley.com,126.5.249.254,Female
488,Loise,Bergen,lbergendj@dropbox.com,219.1.29.206,Polygender
489,Berty,McGenis,bmcgenisdk@wordpress.org,0.139.50.209,Bigender
490,Ginelle,MacKereth,gmackerethdl@de.vu,199.19.47.145,Female
491,Halley,Dragoe,hdragoedm@va.gov,160.76.111.23,Female
492,Vanya,Spillett,vspillettdn@cpanel.net,105.196.17.9,Male
493,Auria,O'Shields,aoshieldsdo@storify.com,157.42.52.221,Female
494,Keith,Premble,kprembledp@zimbio.com,38.233.43.222,Male
495,Staffard,Houldey,shouldeydq@tmall.com,180.122.80.171,Male
496,El,Gertz,egertzdr@jigsy.com,21.119.254.149,Male
497,Fernanda,Huge,fhugeds@nationalgeographic.com,32.29.205.90,Female
498,Florida,Reeks,freeksdt@blinklist.com,25.221.167.186,Female
499,Kira,Lalley,klalleydu@merriam-webster.com,90.238.112.19,Genderqueer
500,Gerri,Foottit,gfoottitdv@google.ru,12.51.237.213,Female
501,Merwin,Willis,mwillisdw@shinystat.com,156.229.160.240,Agender
502,Sibylla,Mahoney,smahoneydx@washington.edu,141.255.69.223,Female
503,Benson,Cantera,bcanterady@thetimes.co.uk,249.255.129.13,Male
504,Inness,Ianittello,iianittellodz@weibo.com,88.12.173.170,Male
505,Georas,Marie,gmariee0@epa.gov,241.110.102.135,Male
506,Ermanno,Aleshintsev,ealeshintseve1@google.co.jp,91.193.158.114,Male
507,Townie,Filippello,tfilippelloe2@sogou.com,247.4.200.129,Male
508,Wash,Patton,wpattone3@dagondesign.com,60.87.149.194,Male
509,Maximilien,Jelleman,mjellemane4@nationalgeographic.com,70.148.49.136,Male
510,Anny,Vasyushkhin,avasyushkhine5@businesswire.com,115.28.130.136,Female
511,Genevieve,Andrez,gandreze6@fda.gov,177.166.207.217,Female
512,Wainwright,Jenicke,wjenickee7@rakuten.co.jp,124.78.244.164,Male
513,Carline,Luppitt,cluppitte8@joomla.org,9.28.13.161,Female
514,Klara,Rostern,krosterne9@yolasite.com,196.182.230.55,Female
515,Ozzy,Basillon,obasillonea@google.co.uk,86.252.126.230,Male
516,Gay,Farlane,gfarlaneeb@blinklist.com,52.20.217.16,Female
517,Orlando,Cartmer,ocartmerec@nasa.gov,101.192.79.158,Male
518,Dell,Junkinson,djunkinsoned@un.org,162.11.239.62,Female
519,Mahalia,Mungham,mmunghamee@elpais.com,200.25.23.213,Female
520,Ingeborg,Zamora,izamoraef@cbsnews.com,16.97.103.207,Female
521,Olvan,Bickerdyke,obickerdykeeg@rediff.com,166.232.179.208,Male
522,Marrilee,Autrie,mautrieeh@cnn.com,182.192.165.213,Female
523,Alfreda,Insko,ainskoei@a8.net,114.240.185.55,Female
524,Hermie,Lamden,hlamdenej@photobucket.com,15.21.13.31,Male
525,Aryn,Snare,asnareek@amazon.com,227.181.5.55,Female
526,Vincents,Wontner,vwontnerel@apache.org,248.54.78.183,Male
527,Bron,Kliesl,bklieslem@elegantthemes.com,124.10.147.206,Male
528,Matthiew,Issard,missarden@netscape.com,213.138.49.126,Male
529,Witty,Lensch,wlenscheo@discuz.net,241.67.103.193,Male
530,Derrek,Esmead,desmeadep@qq.com,183.31.63.40,Male
531,Goldi,Benzing,gbenzingeq@dmoz.org,228.250.119.166,Female
532,Jenda,Tremblay,jtremblayer@naver.com,9.183.134.242,Genderqueer
533,Tony,Tee,tteees@bandcamp.com,207.99.174.246,Female
534,Margy,Kettlestring,mkettlestringet@biblegateway.com,222.194.212.35,Female
535,Jerrome,Botha,jbothaeu@state.gov,152.252.130.182,Male
536,Flss,Leeming,fleemingev@oaic.gov.au,174.77.220.23,Female
537,Bert,Hamper,bhamperew@wikipedia.org,231.144.146.143,Male
538,Udale,Shercliff,ushercliffex@people.com.cn,137.125.202.237,Male
539,Nell,Fleisch,nfleischey@home.pl,199.85.89.230,Polygender
540,Bernie,Bennington,bbenningtonez@reuters.com,212.78.161.94,Female
541,Ramsey,Gerrish,rgerrishf0@sogou.com,77.222.196.244,Male
542,Dolf,Ostler,dostlerf1@yolasite.com,29.214.42.168,Male
543,Cindelyn,Yockley,cyockleyf2@usa.gov,88.169.6.70,Female
544,Daryn,Chesson,dchessonf3@163.com,235.220.58.85,Female
545,North,Whalebelly,nwhalebellyf4@printfriendly.com,104.234.95.33,Male
546,Konstanze,Rothwell,krothwellf5@businesswire.com,64.219.120.215,Female
547,Pincas,Wrightem,pwrightemf6@slideshare.net,193.29.20.69,Male
548,Warner,Vearncomb,wvearncombf7@wikispaces.com,200.168.64.75,Male
549,Sofia,Croydon,scroydonf8@over-blog.com,205.201.116.144,Female
550,Dorotea,Potteril,dpotterilf9@privacy.gov.au,187.11.58.185,Female
551,Karney,Sharland,ksharlandfa@deliciousdays.com,116.112.169.157,Male
552,Ariella,Kinleyside,akinleysidefb@flavors.me,202.232.64.185,Female
553,Damara,Dary,ddaryfc@princeton.edu,49.68.158.121,Female
554,Ive,Brecher,ibrecherfd@nature.com,16.101.67.144,Male
555,Adelice,Baglin,abaglinfe@hud.gov,91.67.230.7,Genderfluid
556,Harcourt,Braunter,hbraunterff@webmd.com,190.8.144.49,Male
557,Rocky,Wilcockes,rwilcockesfg@google.com.au,90.119.17.82,Male
558,Xaviera,Adamowitz,xadamowitzfh@discuz.net,118.240.95.193,Female
559,Haily,Stainson,hstainsonfi@163.com,46.94.140.190,Female
560,Alvira,Purslow,apurslowfj@domainmarket.com,246.77.63.171,Female
561,Ottilie,Mariel,omarielfk@google.es,161.125.59.146,Female
562,Deva,Whiteside,dwhitesidefl@marketwatch.com,85.185.193.220,Female
563,Yank,Burchmore,yburchmorefm@techcrunch.com,151.74.45.169,Male
564,Elwood,Casford,ecasfordfn@constantcontact.com,118.181.204.246,Male
565,Ave,Tindley,atindleyfo@comsenz.com,22.118.93.160,Male
566,Vincenty,Convery,vconveryfp@narod.ru,35.145.247.253,Male
567,Odella,Imore,oimorefq@zimbio.com,155.192.17.184,Female
568,Christin,Weatherup,cweatherupfr@cpanel.net,107.98.196.210,Agender
569,Winna,Lamers,wlamersfs@zdnet.com,255.194.62.118,Female
570,Kate,Finker,kfinkerft@ezinearticles.com,102.102.53.161,Female
571,Gertruda,Espinha,gespinhafu@google.com.au,90.250.65.204,Female
572,Winfred,Searchfield,wsearchfieldfv@ask.com,205.106.166.109,Male
573,Alyss,Hurdwell,ahurdwellfw@homestead.com,42.177.124.250,Female
574,Yvor,Asaaf,yasaaffx@dot.gov,7.154.90.74,Male
575,Kathye,Clandillon,kclandillonfy@1688.com,131.120.113.202,Bigender
576,Bram,Manifould,bmanifouldfz@oakley.com,113.75.84.7,Male
577,Harvey,Mapplethorpe,hmapplethorpeg0@examiner.com,58.185.236.204,Male
578,Lyon,Kirtland,lkirtlandg1@vk.com,80.97.68.11,Male
579,Nedi,Dominetti,ndominettig2@edublogs.org,194.238.128.27,Female
580,Eartha,Malley,emalleyg3@mail.ru,2.206.38.183,Female
581,Prue,Mimmack,pmimmackg4@topsy.com,87.162.35.132,Female
582,Gayelord,Ord,gordg5@reddit.com,217.169.153.165,Male
583,Judy,Allcroft,jallcroftg6@msu.edu,11.187.35.119,Female
584,Anna,Ife,aifeg7@dagondesign.com,107.212.199.242,Female
585,Quinn,Bernardot,qbernardotg8@etsy.com,97.12.0.189,Female
586,Benedick,Rewan,brewang9@last.fm,54.202.136.214,Male
587,Agatha,Auton,aautonga@census.gov,204.250.228.3,Female
588,Abbey,Shiels,ashielsgb@businessinsider.com,135.244.72.146,Female
589,Hallsy,Gabbotts,hgabbottsgc@dedecms.com,26.241.167.25,Male
590,Ferrell,Desorts,fdesortsgd@usda.gov,203.54.36.184,Male
591,Mignon,Erwin,merwinge@unc.edu,147.63.178.94,Female
592,Edwin,Passion,epassiongf@yahoo.co.jp,111.125.200.234,Male
593,Whittaker,Sargood,wsargoodgg@nytimes.com,33.240.13.133,Male
594,Cam,Hollington,chollingtongh@youtube.com,213.52.23.169,Agender
595,Veronike,Makin,vmakingi@goodreads.com,216.219.130.60,Female
596,Herbie,Linay,hlinaygj@tinyurl.com,24.148.126.113,Male
597,Clare,Brute,cbrutegk@mashable.com,27.7.157.103,Male
598,Harris,Crossfeld,hcrossfeldgl@gravatar.com,86.220.152.74,Male
599,Gusta,Humphrey,ghumphreygm@slate.com,72.248.16.114,Female
600,Avis,Penman,apenmangn@dailymail.co.uk,93.28.155.148,Female
601,Milty,MacPhail,mmacphailgo@360.cn,135.71.194.62,Male
602,Justin,Fayerbrother,jfayerbrothergp@mysql.com,73.26.125.245,Male
603,Rabbi,Copcutt,rcopcuttgq@apache.org,49.102.119.57,Male
604,Nikolaus,Fadden,nfaddengr@wisc.edu,234.249.128.135,Male
605,Leshia,Pococke,lpocockegs@blog.com,149.62.198.6,Female
606,Fee,Dreakin,fdreakingt@nymag.com,75.182.76.102,Male
607,Golda,Moncreif,gmoncreifgu@amazon.com,93.113.100.161,Female
608,Niven,Lurriman,nlurrimangv@nationalgeographic.com,121.14.229.61,Male
609,Rena,Morit,rmoritgw@cargocollective.com,192.194.239.180,Female
610,Heidi,Rash,hrashgx@google.co.uk,57.65.33.187,Female
611,Whitney,Gutowski,wgutowskigy@4shared.com,138.51.60.140,Male
612,Pablo,Lesser,plessergz@cdbaby.com,125.232.253.80,Male
613,Tammi,Delamar,tdelamarh0@hp.com,231.107.187.135,Female
614,Adore,Booker,abookerh1@indiatimes.com,219.21.228.63,Female
615,Caspar,Baltrushaitis,cbaltrushaitish2@spotify.com,191.195.36.86,Male
616,Iggie,Skeech,iskeechh3@dyndns.org,221.218.209.159,Male
617,Cathryn,Calveley,ccalveleyh4@usnews.com,225.101.62.55,Female
618,Halli,Buxam,hbuxamh5@npr.org,103.183.239.120,Female
619,Derrick,Lakeland,dlakelandh6@i2i.jp,131.45.28.189,Male
620,Fina,Manterfield,fmanterfieldh7@friendfeed.com,67.28.249.43,Bigender
621,Ilene,Hubbock,ihubbockh8@dropbox.com,87.221.77.219,Female
622,Farrand,Howerd,fhowerdh9@infoseek.co.jp,44.135.204.204,Female
623,Meyer,Sweatman,msweatmanha@smugmug.com,130.233.79.17,Male
624,Marne,Jordison,mjordisonhb@xinhuanet.com,90.216.31.150,Female
625,Cherilyn,Yarrow,cyarrowhc@ucoz.ru,108.3.194.127,Female
626,Erie,Stroulger,estroulgerhd@4shared.com,90.191.4.232,Male
627,Kara,Prop,kprophe@time.com,6.243.70.84,Female
628,Teddie,Pettko,tpettkohf@symantec.com,127.187.77.211,Male
629,Gallagher,Hake,ghakehg@ask.com,246.17.69.181,Male
630,Konstantin,Scollick,kscollickhh@reddit.com,110.212.48.23,Male
631,Cathryn,Woodyer,cwoodyerhi@amazon.de,179.196.71.32,Female
632,Sammy,Kunkel,skunkelhj@yandex.ru,44.81.222.162,Male
633,Davina,Huckstepp,dhuckstepphk@nifty.com,3.29.69.147,Female
634,Chrisse,Cammis,ccammishl@phoca.cz,144.58.246.100,Male
635,Oona,Keune,okeunehm@imdb.com,208.230.109.135,Female
636,Hunfredo,Gilbeart,hgilbearthn@google.de,104.130.69.57,Male
637,Willey,Matis,wmatisho@dot.gov,18.11.222.246,Male
638,Carlin,Hadwick,chadwickhp@wiley.com,155.197.163.39,Male
639,Jamil,Tulloch,jtullochhq@ning.com,80.142.94.75,Male
640,Gabby,Lamlin,glamlinhr@whitehouse.gov,125.36.231.252,Male
641,Jeremias,Tapping,jtappinghs@comsenz.com,236.26.136.50,Male
642,Harv,Nobes,hnobesht@jugem.jp,182.254.15.213,Male
643,Colene,Genney,cgenneyhu@quantcast.com,190.61.108.92,Female
644,Tamma,Eiler,teilerhv@instagram.com,115.29.77.219,Female
645,Allie,Jeram,ajeramhw@nyu.edu,61.246.129.153,Male
646,Francine,Mollene,fmollenehx@google.co.uk,178.26.54.26,Female
647,Alphonse,Draper,adraperhy@discovery.com,105.92.115.214,Genderfluid
648,Ulrich,Maggi,umaggihz@deliciousdays.com,81.128.78.1,Genderqueer
649,Cherey,Heynen,cheyneni0@dedecms.com,80.137.145.164,Female
650,Tarrah,Capron,tcaproni1@liveinternet.ru,166.55.181.36,Female
651,Paco,Carlos,pcarlosi2@instagram.com,32.136.4.224,Male
652,Duane,Shinn,dshinni3@usa.gov,132.197.51.14,Male
653,Madelaine,Broschke,mbroschkei4@wired.com,29.103.67.149,Female
654,Kelvin,Umfrey,kumfreyi5@reference.com,168.37.244.43,Genderqueer
655,Sonny,Gladding,sgladdingi6@ebay.com,137.60.187.190,Genderfluid
656,Robbert,Rait,rraiti7@berkeley.edu,100.29.221.46,Male
657,Raff,Cecil,rcecili8@sphinn.com,214.114.72.248,Male
658,Heidi,Quennell,hquennelli9@mac.com,19.14.66.115,Female
659,Winny,Stilgo,wstilgoia@marriott.com,44.212.142.232,Male
660,Sinclair,Pretious,spretiousib@wordpress.org,133.165.12.26,Male
661,Gay,Node,gnodeic@g.co,113.56.62.102,Female
662,Glynis,Bartleman,gbartlemanid@constantcontact.com,71.242.159.243,Female
663,Sherwood,Dabell,sdabellie@unc.edu,183.83.226.12,Male
664,Jerry,MacAdam,jmacadamif@paginegialle.it,5.159.42.141,Female
665,Melitta,Gabb,mgabbig@is.gd,145.124.252.67,Female
666,Frederick,McEntee,fmcenteeih@hostgator.com,7.248.196.0,Male
667,Kat,Achrameev,kachrameevii@infoseek.co.jp,92.192.11.39,Female
668,Ruggiero,Bonnet,rbonnetij@nytimes.com,76.212.36.226,Male
669,Hi,Bimrose,hbimroseik@pinterest.com,52.143.59.76,Male
670,Kala,Skitral,kskitralil@seattletimes.com,202.129.241.142,Genderqueer
671,Kimmie,Guiel,kguielim@yahoo.com,8.141.76.75,Female
672,Pryce,Lamba,plambain@flickr.com,35.63.113.251,Male
673,Kerby,Valance,kvalanceio@studiopress.com,3.115.26.169,Male
674,Wilton,Mewes,wmewesip@imdb.com,153.187.65.148,Male
675,Danie,Reeken,dreekeniq@t.co,57.101.137.71,Male
676,Bentlee,Gabe,bgabeir@globo.com,66.236.186.48,Male
677,Annabelle,Dell Casa,adellcasais@ucoz.com,141.142.44.39,Female
678,Guillema,Prenty,gprentyit@europa.eu,84.228.226.169,Female
679,Thebault,Cardew,tcardewiu@diigo.com,138.117.108.164,Male
680,Starla,Cocozza,scocozzaiv@t.co,113.114.96.177,Female
681,Gerome,Haynes,ghaynesiw@netlog.com,32.190.167.37,Male
682,Marcela,Tyrrell,mtyrrellix@webnode.com,32.69.37.77,Female
683,Valaria,Killcross,vkillcrossiy@guardian.co.uk,1.250.54.89,Female
684,My,Pawlowicz,mpawlowicziz@sfgate.com,113.14.179.78,Agender
685,Maddie,Calderon,mcalderonj0@cbslocal.com,122.103.216.181,Male
686,Alisander,Barajas,abarajasj1@baidu.com,202.205.92.62,Male
687,Justis,Power,jpowerj2@google.cn,30.112.63.13,Male
688,Shellie,Gasnell,sgasnellj3@quantcast.com,137.83.197.90,Female
689,Rosanne,Devericks,rdevericksj4@technorati.com,148.68.202.40,Female
690,Maria,Brantzen,mbrantzenj5@amazon.co.uk,199.175.116.49,Female
691,Phylis,Boshell,pboshellj6@ebay.com,3.49.104.175,Female
692,Stillmann,Challener,schallenerj7@mail.ru,74.6.31.133,Male
693,Germayne,Robart,grobartj8@jigsy.com,188.38.246.126,Male
694,Beck,Runchman,brunchmanj9@goo.gl,254.206.193.109,Male
695,Irene,Pandie,ipandieja@theguardian.com,36.237.255.116,Female
696,Ibby,Humphrey,ihumphreyjb@theguardian.com,110.155.61.38,Female
697,Saunder,Wennam,swennamjc@smh.com.au,11.245.68.159,Male
698,Moore,Babber,mbabberjd@samsung.com,102.140.27.250,Genderqueer
699,Fraser,Lyston,flystonje@zimbio.com,146.248.15.46,Male
700,Oswald,Fassan,ofassanjf@eepurl.com,208.210.240.249,Male
701,Jule,Claxson,jclaxsonjg@webeden.co.uk,168.51.228.36,Bigender
702,Sari,Rendell,srendelljh@xing.com,130.29.6.191,Female
703,Walden,Giannini,wgianniniji@gravatar.com,242.5.60.180,Male
704,Lynn,Coraini,lcorainijj@diigo.com,170.231.51.18,Female
705,Enriqueta,Downage,edownagejk@chron.com,3.36.123.179,Female
706,Benedetta,Earle,bearlejl@desdev.cn,200.146.247.164,Female
707,Reagen,Suscens,rsuscensjm@ed.gov,110.17.20.25,Male
708,Elias,Phonix,ephonixjn@berkeley.edu,117.92.168.165,Male
709,Petronilla,Gokes,pgokesjo@dailymotion.com,16.74.234.26,Female
710,Alvan,Wrettum,awrettumjp@washington.edu,145.31.255.97,Male
711,Robert,Milsted,rmilstedjq@usa.gov,161.235.12.85,Male
712,Maximo,Reedyhough,mreedyhoughjr@ucsd.edu,132.52.142.150,Male
713,Kellby,Norcliffe,knorcliffejs@bbb.org,137.180.168.88,Male
714,Zonda,Kermon,zkermonjt@dagondesign.com,120.200.212.102,Female
715,Ainslee,Greest,agreestju@pbs.org,23.125.230.29,Genderfluid
716,Haskell,Weathers,hweathersjv@state.gov,200.105.203.9,Male
717,Corrine,Menghi,cmenghijw@chronoengine.com,157.229.58.229,Bigender
718,Jedediah,Francis,jfrancisjx@arstechnica.com,2.88.30.167,Male
719,Erma,Hazell,ehazelljy@census.gov,217.151.2.167,Female
720,Rinaldo,Carlow,rcarlowjz@icq.com,98.114.142.27,Male
721,Doris,Hansen,dhansenk0@cargocollective.com,183.53.88.202,Polygender
722,Harper,Stoney,hstoneyk1@wsj.com,178.39.245.77,Genderqueer
723,Konstanze,Villaron,kvillaronk2@exblog.jp,53.218.128.161,Female
724,Forester,Orwin,forwink3@deviantart.com,239.235.121.48,Male
725,Lezlie,Cope,lcopek4@amazon.co.jp,133.35.12.64,Female
726,Coletta,Sictornes,csictornesk5@zdnet.com,176.141.181.157,Female
727,Dennie,Walter,dwalterk6@ycombinator.com,57.109.237.46,Female
728,Josias,Macknish,jmacknishk7@example.com,3.160.235.250,Male
729,Derrik,Fost,dfostk8@miibeian.gov.cn,150.249.242.240,Male
730,Vanni,Honywill,vhonywillk9@cdbaby.com,39.79.230.100,Female
731,Garvey,Chitty,gchittyka@chronoengine.com,188.241.52.80,Male
732,Tull,Stitch,tstitchkb@scribd.com,78.116.11.28,Male
733,Latrina,Poynser,lpoynserkc@typepad.com,109.28.6.9,Female
734,Georgeanna,Elcy,gelcykd@dedecms.com,164.87.199.252,Female
735,Loria,Moogan,lmooganke@techcrunch.com,60.241.21.122,Female
736,Carver,Yeoman,cyeomankf@home.pl,205.141.234.121,Male
737,Kristin,Connochie,kconnochiekg@godaddy.com,179.205.123.103,Female
738,Stanton,Mylan,smylankh@ucsd.edu,71.3.183.226,Male
739,Alistair,Robinett,arobinettki@altervista.org,160.98.173.221,Male
740,Paige,Goodsal,pgoodsalkj@dedecms.com,134.42.30.176,Bigender
741,Aeriela,Bohler,abohlerkk@digg.com,171.160.91.231,Female
742,Vernon,Tregian,vtregiankl@engadget.com,11.76.74.1,Male
743,Oby,Pighills,opighillskm@merriam-webster.com,65.150.77.74,Male
744,Davin,Varley,dvarleykn@rediff.com,119.198.253.152,Male
745,Reginald,Driver,rdriverko@sciencedaily.com,53.135.179.148,Polygender
746,Zsazsa,Eagles,zeagleskp@hhs.gov,123.98.94.170,Female
747,Phedra,Marcombe,pmarcombekq@privacy.gov.au,225.93.60.196,Female
748,Ellissa,Spikeings,espikeingskr@shutterfly.com,104.213.50.234,Female
749,Mariann,Lawey,mlaweyks@japanpost.jp,175.104.188.250,Female
750,Obie,Greenwood,ogreenwoodkt@cnn.com,170.215.86.81,Male
751,Sonnie,Gratrix,sgratrixku@archive.org,82.142.56.122,Female
752,Deb,Casari,dcasarikv@exblog.jp,11.141.188.164,Female
753,Kittie,Oxlade,koxladekw@admin.ch,107.137.168.233,Female
754,Abbe,Mundall,amundallkx@sphinn.com,202.222.80.116,Female
755,Ramsay,Melmar,rmelmarky@engadget.com,63.236.172.64,Male
756,Pincas,Georgins,pgeorginskz@loc.gov,169.139.229.227,Male
757,Carlo,Sponer,csponerl0@zdnet.com,241.96.153.63,Male
758,Raymond,Dillway,rdillwayl1@seattletimes.com,140.200.137.207,Male
759,Barnaby,Grim,bgriml2@businesswire.com,223.69.27.43,Male
760,Joey,Meiklem,jmeikleml3@eventbrite.com,121.38.88.211,Male
761,Randee,Caldecourt,rcaldecourtl4@blogs.com,36.55.22.16,Female
762,Ezekiel,Nollet,enolletl5@yahoo.co.jp,84.208.72.93,Male
763,Alvis,Andor,aandorl6@google.com.br,158.97.241.99,Male
764,Haley,Taplow,htaplowl7@live.com,98.166.194.240,Female
765,Devina,Beadles,dbeadlesl8@sciencedaily.com,192.78.126.170,Female
766,Jacklin,Dockrill,jdockrilll9@mayoclinic.com,191.254.206.190,Female
767,Reinhard,Batie,rbatiela@google.fr,111.238.213.60,Male
768,Marco,McDonagh,mmcdonaghlb@google.de,205.185.87.214,Male
769,Adriaens,Matthias,amatthiaslc@elegantthemes.com,197.46.18.56,Female
770,Ramonda,Clipsham,rclipshamld@alibaba.com,83.163.118.184,Female
771,Kiley,MacDougal,kmacdougalle@github.io,201.114.63.9,Male
772,Mead,MacGuffie,mmacguffielf@mtv.com,146.67.98.140,Female
773,Brandtr,Bassindale,bbassindalelg@ibm.com,59.208.55.202,Male
774,Rafaelita,Edworthy,redworthylh@intel.com,18.24.81.183,Female
775,Lefty,Allitt,lallittli@fema.gov,68.124.74.59,Male
776,Nomi,Brothwell,nbrothwelllj@hao123.com,46.189.211.227,Female
777,Merilee,Dryburgh,mdryburghlk@canalblog.com,105.40.28.179,Agender
778,Slade,O'Cassidy,socassidyll@google.ru,36.159.223.12,Male
779,Nani,Dowty,ndowtylm@tiny.cc,40.176.194.131,Female
780,Krystyna,Vairow,kvairowln@xinhuanet.com,133.131.115.185,Female
781,Kirbie,Vasovic,kvasoviclo@dropbox.com,25.147.97.132,Female
782,Findlay,Ninnoli,fninnolilp@networkadvertising.org,108.25.196.91,Male
783,Ransell,Sausman,rsausmanlq@unc.edu,227.81.246.99,Male
784,Enrico,Werny,ewernylr@wikia.com,83.3.75.75,Male
785,Merissa,Gudgeon,mgudgeonls@livejournal.com,199.16.12.245,Female
786,Natty,Betser,nbetserlt@seattletimes.com,237.4.254.24,Male
787,Dunc,Gawkes,dgawkeslu@biglobe.ne.jp,30.9.173.201,Male
788,Edith,Matthiae,ematthiaelv@unblog.fr,184.117.43.97,Female
789,Catherine,Beneyto,cbeneytolw@feedburner.com,0.32.73.244,Female
790,Elsa,Jovey,ejoveylx@acquirethisname.com,51.224.209.140,Female
791,Barrett,Full,bfullly@chronoengine.com,218.105.220.192,Bigender
792,Stern,Houlworth,shoulworthlz@nih.gov,226.244.188.173,Male
793,Garv,Belsham,gbelshamm0@wikia.com,53.167.35.121,Male
794,Georgy,Bowich,gbowichm1@tmall.com,19.70.116.56,Male
795,Loleta,Dagwell,ldagwellm2@nymag.com,188.67.222.119,Female
796,Faye,Kelle,fkellem3@theatlantic.com,19.183.114.177,Agender
797,Brade,Rude,brudem4@mediafire.com,182.131.122.160,Male
798,Martha,Broinlich,mbroinlichm5@bloglines.com,33.112.179.96,Female
799,Marthe,Deville,mdevillem6@alexa.com,32.64.208.248,Female
800,Gan,Sackett,gsackettm7@technorati.com,181.81.47.234,Non-binary
801,Eleonore,Skeath,eskeathm8@mysql.com,78.141.187.183,Female
802,Blondell,Althrop,balthropm9@yandex.ru,91.247.215.131,Female
803,Arni,Sket,asketma@sogou.com,109.116.178.46,Male
804,Rainer,Lies,rliesmb@addtoany.com,235.215.100.25,Male
805,Kellie,Durtnell,kdurtnellmc@wikia.com,105.93.75.137,Female
806,Libby,Egar,legarmd@pbs.org,85.149.124.163,Female
807,Auberta,Streeton,astreetonme@gizmodo.com,216.69.214.251,Non-binary
808,Jamie,Monck,jmonckmf@arizona.edu,173.166.132.109,Male
809,Toddy,Peacher,tpeachermg@istockphoto.com,240.79.244.128,Male
810,Camey,Brockbank,cbrockbankmh@mediafire.com,67.30.6.33,Male
811,Cordi,Beri,cberimi@bluehost.com,125.54.79.150,Polygender
812,Giustino,Sellick,gsellickmj@bloomberg.com,26.98.208.203,Non-binary
813,Elly,Benes,ebenesmk@mashable.com,108.240.189.167,Female
814,Reinaldos,Slatten,rslattenml@soundcloud.com,75.159.73.188,Male
815,Vania,Yorath,vyorathmm@squarespace.com,252.85.168.127,Female
816,Aura,Jeves,ajevesmn@pcworld.com,214.11.116.250,Female
817,Jarrad,Linton,jlintonmo@icq.com,125.229.222.185,Male
818,Cassey,Sharrocks,csharrocksmp@nytimes.com,63.254.44.202,Female
819,Nollie,Crumby,ncrumbymq@google.co.uk,221.90.77.48,Male
820,Zora,Arlett,zarlettmr@dropbox.com,12.235.35.159,Female
821,Gabriella,Yemm,gyemmms@devhub.com,158.98.230.84,Female
822,Sanders,Mattiessen,smattiessenmt@loc.gov,171.172.145.185,Genderqueer
823,Herc,Dymidowski,hdymidowskimu@mozilla.org,60.78.195.125,Male
824,Sampson,Haggeth,shaggethmv@latimes.com,186.215.255.246,Male
825,Grantham,Obee,gobeemw@noaa.gov,193.96.165.121,Male
826,Rhody,Evitts,revittsmx@princeton.edu,116.242.191.92,Polygender
827,Sylvan,Chater,schatermy@nbcnews.com,245.197.36.251,Male
828,Rodney,Mattersey,rmatterseymz@harvard.edu,131.205.148.91,Genderqueer
829,Wayland,Renish,wrenishn0@163.com,203.163.178.64,Male
830,Merl,Drennan,mdrennann1@yandex.ru,5.120.161.8,Bigender
831,Benjy,Kingsford,bkingsfordn2@eepurl.com,189.195.196.68,Male
832,Elna,MacCole,emaccolen3@discovery.com,232.51.255.63,Female
833,Otto,Mews,omewsn4@cnet.com,34.221.77.10,Male
834,Arv,Simmonite,asimmoniten5@hostgator.com,88.86.218.216,Male
835,Trumann,Kitchiner,tkitchinern6@taobao.com,22.150.211.248,Male
836,Rachele,Preece,rpreecen7@jalbum.net,180.122.190.54,Female
837,Obediah,Dinsell,odinselln8@businessinsider.com,24.174.51.145,Male
838,Mikkel,Colombier,mcolombiern9@bigcartel.com,15.97.210.194,Male
839,Goldarina,Brydson,gbrydsonna@nhs.uk,79.21.140.133,Female
840,Caren,Padbery,cpadberynb@mit.edu,250.137.149.49,Female
841,Ancell,Durtnall,adurtnallnc@privacy.gov.au,136.183.219.10,Male
842,Abeu,Underdown,aunderdownnd@sfgate.com,252.56.176.121,Male
843,Genevra,Pendergast,gpendergastne@so-net.ne.jp,48.31.13.175,Female
844,Benedicta,Wylie,bwylienf@cnn.com,87.46.215.132,Female
845,Rivy,Halahan,rhalahanng@tuttocitta.it,234.167.203.218,Genderqueer
846,Walker,Mephan,wmephannh@ocn.ne.jp,58.24.30.108,Polygender
847,Kassie,Hallam,khallamni@livejournal.com,52.118.198.104,Genderfluid
848,Pernell,Vicar,pvicarnj@posterous.com,207.98.178.237,Male
849,Shaine,Antoniades,santoniadesnk@cornell.edu,26.235.246.3,Female
850,Rozanne,Hatherell,rhatherellnl@dropbox.com,175.109.51.139,Female
851,Yuma,De Blasiis,ydeblasiisnm@skyrock.com,253.46.50.213,Male
852,Bernardo,Cleeton,bcleetonnn@flavors.me,206.80.219.82,Male
853,Orren,Ings,oingsno@ning.com,235.53.204.203,Male
854,Merola,Fivey,mfiveynp@cnbc.com,196.163.188.4,Female
855,Shell,Chrismas,schrismasnq@taobao.com,141.134.209.114,Female
856,Omero,Kinsella,okinsellanr@reference.com,116.13.15.65,Male
857,Gilly,Ennion,gennionns@alibaba.com,180.8.28.255,Female
858,Rip,Rosenbloom,rrosenbloomnt@cbc.ca,245.205.82.193,Male
859,Joice,Tulloch,jtullochnu@liveinternet.ru,209.114.239.73,Female
860,Alie,Paler,apalernv@sakura.ne.jp,151.182.31.172,Female
861,Igor,McGonnell,imcgonnellnw@sohu.com,234.133.9.142,Bigender
862,Dianna,Peyntue,dpeyntuenx@angelfire.com,153.191.236.122,Female
863,Olia,Biaggelli,obiaggelliny@google.cn,118.110.60.0,Female
864,Alic,Calcraft,acalcraftnz@icio.us,93.191.152.229,Male
865,Lucita,Coonan,lcoonano0@is.gd,65.50.0.198,Female
866,Annabal,Floodgate,afloodgateo1@bizjournals.com,66.118.150.130,Female
867,Pavla,Anyon,panyono2@narod.ru,157.149.94.68,Female
868,Holden,McEneny,hmcenenyo3@europa.eu,248.19.124.165,Male
869,Reina,Mithun,rmithuno4@youtu.be,224.29.184.61,Female
870,Gisella,Domerque,gdomerqueo5@google.it,186.60.86.93,Female
871,Osbert,Welsby,owelsbyo6@parallels.com,61.164.5.178,Male
872,Gifford,Merit,gmerito7@yahoo.co.jp,86.235.128.104,Male
873,Sally,Sprowles,ssprowleso8@who.int,6.143.13.246,Female
874,Torrin,Bourdis,tbourdiso9@accuweather.com,174.150.150.237,Male
875,Locke,Mallya,lmallyaoa@alexa.com,242.164.103.22,Genderfluid
876,Annabal,Huff,ahuffob@newyorker.com,57.194.230.204,Female
877,Dione,Amiable,damiableoc@yahoo.co.jp,44.143.212.209,Female
878,Gran,Keeley,gkeeleyod@google.ru,35.16.89.57,Male
879,Malvin,Hampton,mhamptonoe@ovh.net,103.202.253.55,Male
880,Burnaby,Bourgourd,bbourgourdof@yahoo.com,249.178.212.52,Male
881,Hart,Flescher,hflescherog@economist.com,212.77.186.215,Male
882,Roselin,Rouby,rroubyoh@sciencedaily.com,190.75.64.235,Female
883,Juli,Tripean,jtripeanoi@posterous.com,236.232.88.98,Female
884,Ellsworth,Fetherston,efetherstonoj@ask.com,180.75.136.218,Male
885,Klement,Peiser,kpeiserok@cisco.com,169.155.159.50,Male
886,Shea,Ebdin,sebdinol@sakura.ne.jp,41.119.141.49,Male
887,Merola,Jellis,mjellisom@hexun.com,41.189.128.141,Female
888,Ivory,Vasyunichev,ivasyunichevon@epa.gov,31.220.191.126,Female
889,Jenny,Danhel,jdanheloo@youku.com,20.106.242.73,Female
890,Sybilla,Larwell,slarwellop@stanford.edu,29.31.42.153,Female
891,Sandy,Chalmers,schalmersoq@state.tx.us,165.52.104.31,Female
892,Aubrey,Dexter,adexteror@yelp.com,216.114.95.139,Male
893,Ernesta,Carnaman,ecarnamanos@bluehost.com,165.83.154.45,Female
894,Rancell,Haime,rhaimeot@spotify.com,170.211.14.173,Male
895,Marna,Eicheler,meichelerou@bbb.org,39.182.242.254,Female
896,Adelle,Perel,aperelov@about.com,182.142.236.248,Female
897,Sileas,Novakovic,snovakovicow@apache.org,241.23.52.132,Female
898,Hugues,Chenery,hcheneryox@1688.com,52.96.161.71,Male
899,Willabella,McCrillis,wmccrillisoy@google.co.uk,225.220.36.148,Female
900,Ilise,Simmgen,isimmgenoz@intel.com,134.225.152.32,Female
901,Evvy,Vann,evannp0@edublogs.org,213.18.227.179,Female
902,Elladine,Ivashov,eivashovp1@people.com.cn,114.114.93.217,Female
903,Kile,Bliss,kblissp2@dion.ne.jp,156.101.126.127,Male
904,Read,Neat,rneatp3@dropbox.com,118.61.95.225,Male
905,Chelsey,Crock,ccrockp4@sphinn.com,22.239.181.45,Female
906,Carlye,Paris,cparisp5@washingtonpost.com,13.73.232.152,Polygender
907,Winthrop,Moens,wmoensp6@bravesites.com,73.13.45.28,Male
908,Darb,Bembridge,dbembridgep7@hc360.com,180.231.168.12,Male
909,Sydney,Pucknell,spucknellp8@sciencedirect.com,230.90.21.50,Female
910,Aleksandr,Avrahamov,aavrahamovp9@telegraph.co.uk,133.21.225.159,Bigender
911,Anatole,Shotbolt,ashotboltpa@redcross.org,145.241.250.113,Male
912,Drugi,Danhel,ddanhelpb@posterous.com,153.11.46.153,Male
913,Chandal,Janson,cjansonpc@amazon.co.uk,175.155.52.188,Bigender
914,Colin,Le Provost,cleprovostpd@networkadvertising.org,185.123.190.122,Male
915,Aubrie,Thackray,athackraype@github.io,68.254.52.127,Female
916,Georgianne,Sayburn,gsayburnpf@opensource.org,190.107.109.209,Female
917,Brennan,Pelchat,bpelchatpg@dailymail.co.uk,212.20.34.159,Male
918,Lorne,Tassell,ltassellph@networksolutions.com,182.184.84.98,Female
919,Laney,Ling,llingpi@bravesites.com,145.224.63.229,Male
920,Joann,Izon,jizonpj@eepurl.com,78.251.33.187,Female
921,Skyler,Duckers,sduckerspk@dailymotion.com,173.163.246.153,Male
922,Baxie,Aleshintsev,baleshintsevpl@independent.co.uk,45.236.228.165,Male
923,Glenn,Magrannell,gmagrannellpm@discovery.com,78.95.130.198,Female
924,Georgette,Ferronier,gferronierpn@ca.gov,232.141.222.127,Female
925,Otto,Silverman,osilvermanpo@google.it,194.127.113.5,Male
926,Harmony,Dofty,hdoftypp@howstuffworks.com,114.122.80.11,Female
927,Odey,Taffrey,otaffreypq@so-net.ne.jp,142.104.5.126,Male
928,Lanny,Couldwell,lcouldwellpr@amazon.co.jp,186.159.189.47,Male
929,Colin,Fatscher,cfatscherps@usda.gov,95.250.91.0,Male
930,Tammi,Crenage,tcrenagept@joomla.org,249.154.244.186,Female
931,Kayle,Quaif,kquaifpu@google.fr,162.244.230.198,Female
932,Nanice,Oakton,noaktonpv@netvibes.com,23.37.253.85,Female
933,Toiboid,Coslett,tcoslettpw@privacy.gov.au,209.68.96.18,Male
934,Valentin,Cosson,vcossonpx@qq.com,156.255.64.23,Male
935,Eddy,Stapford,estapfordpy@facebook.com,133.207.254.239,Female
936,Dora,Giorgetti,dgiorgettipz@google.es,186.208.202.255,Genderqueer
937,Levi,Wisson,lwissonq0@ibm.com,222.204.174.193,Male
938,Durward,Drohun,ddrohunq1@ucoz.com,157.198.155.106,Male
939,Clayborn,McCaghan,cmccaghanq2@360.cn,177.78.52.79,Male
940,Almire,Pipkin,apipkinq3@upenn.edu,168.144.1.110,Female
941,Yolane,Kiloh,ykilohq4@scribd.com,128.27.64.139,Female
942,Adolphe,Etteridge,aetteridgeq5@blogspot.com,202.148.152.206,Male
943,Chalmers,Truelove,ctrueloveq6@dagondesign.com,18.54.159.196,Male
944,Emma,Gallifont,egallifontq7@instagram.com,130.160.197.9,Female
945,Filide,Martusov,fmartusovq8@wix.com,48.183.162.82,Genderqueer
946,Mirabel,Giocannoni,mgiocannoniq9@indiatimes.com,40.70.39.79,Female
947,Lee,Ladon,lladonqa@about.com,50.178.14.214,Male
948,Shoshanna,Moors,smoorsqb@fc2.com,107.78.176.23,Female
949,Constancia,Cantwell,ccantwellqc@furl.net,122.184.129.40,Female
950,Hector,Heinig,hheinigqd@java.com,140.63.150.76,Male
951,Brandise,Curneen,bcurneenqe@cbslocal.com,219.218.12.174,Female
952,Alano,Melledy,amelledyqf@people.com.cn,151.211.244.178,Male
953,Lowe,Bunning,lbunningqg@about.com,164.115.164.92,Male
954,Carney,Dyos,cdyosqh@ask.com,10.192.64.204,Male
955,Alvis,Crusham,acrushamqi@newyorker.com,235.235.198.90,Male
956,Conny,Goodey,cgoodeyqj@elpais.com,190.241.79.13,Genderqueer
957,Layla,Olyff,lolyffqk@google.de,53.56.28.102,Female
958,Jammie,Wasiela,jwasielaql@msn.com,171.216.173.124,Female
959,Culver,Danser,cdanserqm@tripod.com,89.6.153.166,Male
960,Carry,Abberley,cabberleyqn@sfgate.com,199.182.47.69,Female
961,Johna,Reeve,jreeveqo@homestead.com,114.0.47.73,Female
962,Kalvin,Shute,kshuteqp@cmu.edu,21.111.248.162,Polygender
963,Verge,Kiera,vkieraqq@reverbnation.com,187.6.60.190,Male
964,Madelyn,Jesteco,mjestecoqr@cnet.com,96.184.165.206,Female
965,Sheff,McQuilliam,smcquilliamqs@go.com,58.110.18.8,Male
966,Alvera,Lyven,alyvenqt@ucoz.com,50.196.236.42,Female
967,Hart,Hub,hhubqu@bbb.org,141.69.63.76,Male
968,Gusella,Rowan,growanqv@auda.org.au,43.102.254.157,Female
969,Brita,Nunnerley,bnunnerleyqw@ebay.com,6.184.212.86,Bigender
970,Adore,Carslaw,acarslawqx@networkadvertising.org,88.117.19.156,Female
971,Hilly,Ovesen,hovesenqy@businessinsider.com,11.6.98.136,Genderfluid
972,Normy,Harrell,nharrellqz@nhs.uk,240.113.222.124,Male
973,Gregorius,Butterfield,gbutterfieldr0@twitpic.com,59.252.98.153,Male
974,Katlin,Merredy,kmerredyr1@bluehost.com,99.194.27.67,Female
975,Astrix,Pasquale,apasqualer2@state.tx.us,191.40.176.127,Female
976,Demetria,Rosendale,drosendaler3@cnn.com,41.162.230.17,Female
977,Frederick,Bellew,fbellewr4@telegraph.co.uk,143.54.235.24,Male
978,Bradford,Tebbe,btebber5@usa.gov,190.41.138.98,Genderfluid
979,Ramonda,Overshott,rovershottr6@va.gov,66.77.72.213,Female
980,Torry,Birnie,tbirnier7@hugedomains.com,70.2.221.185,Male
981,Dev,Preator,dpreatorr8@ca.gov,8.144.240.20,Male
982,Davon,Venediktov,dvenediktovr9@smugmug.com,254.69.87.184,Male
983,Star,Beert,sbeertra@sfgate.com,246.80.198.179,Female
984,Lorry,Wilkin,lwilkinrb@hhs.gov,24.250.57.9,Female
985,Darcy,Crimin,dcriminrc@cnbc.com,142.132.155.101,Male
986,Lydie,Kilner,lkilnerrd@apple.com,78.100.200.21,Female
987,Kristi,MacCracken,kmaccrackenre@google.es,242.71.20.131,Female
988,Nappy,Skeels,nskeelsrf@typepad.com,7.28.115.196,Genderfluid
989,Poul,Le feaver,plefeaverrg@redcross.org,63.17.177.44,Male
990,Leann,Gregs,lgregsrh@free.fr,224.33.60.47,Female
991,Dinnie,Winson,dwinsonri@dagondesign.com,118.56.72.7,Female
992,Auberon,Walcher,awalcherrj@techcrunch.com,200.171.232.174,Male
993,Birgit,Ivancevic,bivancevicrk@furl.net,107.215.123.152,Female
994,Isidore,Simakov,isimakovrl@t-online.de,110.122.178.121,Male
995,Rafferty,Linacre,rlinacrerm@pagesperso-orange.fr,161.64.230.109,Male
996,Rochester,Philipart,rphilipartrn@yellowpages.com,3.234.93.148,Male
997,Janela,Jumonet,jjumonetro@studiopress.com,246.114.160.223,Female
998,Rebecca,Clowes,rclowesrp@arizona.edu,124.231.6.247,Female
999,Dorris,Glantz,dglantzrq@blogger.com,170.248.78.167,Female
1000,Conroy,Izat,cizatrr@fema.gov,192.216.3.12,Male
